{
  "traitgym_complex": {
    "n_total": 11400,
    "n_scored": 11400,
    "coverage": 1.0,
    "positive_rate": 0.1,
    "auprc": 0.2602137956805527,
    "auroc": 0.6458657792141171,
    "brier": 0.08879123542729901
  },
  "traitgym_mendelian": {
    "n_total": 3353,
    "n_scored": 3353,
    "coverage": 1.0,
    "positive_rate": 0.10080524903071876,
    "auprc": 0.6875385295873122,
    "auroc": 0.9027672289440372,
    "brier": 0.06289327421846945
  },
  "clinvar": {
    "n_total": 29953,
    "n_scored": 29953,
    "coverage": 1.0,
    "positive_rate": 0.4999499215437519,
    "auprc": 0.930361916375791,
    "auroc": 0.9386650270145795,
    "brier": 0.10637252417756929
  },
  "clinvar_by_consequence": {
    "3_prime_utr": {
      "n_total": 445,
      "n_scored": 445,
      "coverage": 1.0,
      "positive_rate": 0.0022471910112359553,
      "auprc": 0.015625,
      "auroc": 0.8581081081081081,
      "brier": 0.11063185709328173,
      "mc_class": "3_prime_utr"
    },
    "5_prime_utr": {
      "n_total": 170,
      "n_scored": 170,
      "coverage": 1.0,
      "positive_rate": 0.07058823529411765,
      "auprc": 0.4843264816610405,
      "auroc": 0.8122362869198312,
      "brier": 0.2778145621542539,
      "mc_class": "5_prime_utr"
    },
    "initiator_codon": {
      "n_total": 163,
      "n_scored": 163,
      "coverage": 1.0,
      "positive_rate": 0.9815950920245399,
      "auprc": 0.9966616031391249,
      "auroc": 0.8489583333333335,
      "brier": 0.2926988402243224,
      "mc_class": "initiator_codon"
    },
    "intronic": {
      "n_total": 4368,
      "n_scored": 4368,
      "coverage": 1.0,
      "positive_rate": 0.07142857142857142,
      "auprc": 0.712074392001606,
      "auroc": 0.9206699160471349,
      "brier": 0.08286868729248742,
      "mc_class": "intronic"
    },
    "missense": {
      "n_total": 7861,
      "n_scored": 7861,
      "coverage": 1.0,
      "positive_rate": 0.7324767841241572,
      "auprc": 0.9855283532986858,
      "auroc": 0.9634596749511978,
      "brier": 0.09444655930052742,
      "mc_class": "missense"
    },
    "other": {
      "n_total": 133,
      "n_scored": 133,
      "coverage": 1.0,
      "positive_rate": 0.06766917293233082,
      "auprc": 0.640955385649087,
      "auroc": 0.8615591397849461,
      "brier": 0.17182051671819545,
      "mc_class": "other"
    },
    "splice_acceptor": {
      "n_total": 1231,
      "n_scored": 1231,
      "coverage": 1.0,
      "positive_rate": 0.9943135662063363,
      "auprc": 0.9987877929105299,
      "auroc": 0.8710901027077498,
      "brier": 0.1116430107072213,
      "mc_class": "splice_acceptor"
    },
    "splice_donor": {
      "n_total": 1649,
      "n_scored": 1649,
      "coverage": 1.0,
      "positive_rate": 0.9981807155852032,
      "auprc": 0.9999024751593533,
      "auroc": 0.9512960712839206,
      "brier": 0.12261888978442154,
      "mc_class": "splice_donor"
    },
    "stop_gained": {
      "n_total": 5762,
      "n_scored": 5762,
      "coverage": 1.0,
      "positive_rate": 0.9980909406456092,
      "auprc": 0.9995131257635348,
      "auroc": 0.8219123946823477,
      "brier": 0.1595477077621528,
      "mc_class": "stop_gained"
    },
    "synonymous": {
      "n_total": 8155,
      "n_scored": 8155,
      "coverage": 1.0,
      "positive_rate": 0.011036174126302882,
      "auprc": 0.7902409326840234,
      "auroc": 0.9660033064682786,
      "brier": 0.07985452462548259,
      "mc_class": "synonymous"
    }
  },
  "clinvar_by_review_status": {
    "2_star": {
      "n_total": 28058,
      "n_scored": 28058,
      "coverage": 1.0,
      "positive_rate": 0.4786870054886307,
      "auprc": 0.9252614482005962,
      "auroc": 0.9392094317139532,
      "brier": 0.10484752396717396,
      "review_status": "2_star"
    },
    "3_star_expert_panel": {
      "n_total": 1764,
      "n_scored": 1764,
      "coverage": 1.0,
      "positive_rate": 0.844671201814059,
      "auprc": 0.9819516667525067,
      "auroc": 0.9246730024984078,
      "brier": 0.13090195045474506,
      "review_status": "3_star_expert_panel"
    },
    "unknown": {
      "n_total": 124,
      "n_scored": 124,
      "coverage": 1.0,
      "positive_rate": 0.3790322580645161,
      "auprc": 0.920046782168466,
      "auroc": 0.9400386847195358,
      "brier": 0.10224024070883521,
      "review_status": "unknown"
    }
  },
  "clinvar_by_significance_pair": {
    "strong_only_P_vs_B": {
      "n_total": 20145,
      "n_scored": 20145,
      "coverage": 1.0,
      "positive_rate": 0.6033258873169521,
      "auprc": 0.9525331408365029,
      "auroc": 0.9416133816167676,
      "brier": 0.11192279123615718,
      "significance_tiers_included": [
        "pathogenic",
        "benign"
      ]
    },
    "hedged_only_LP_vs_LB": {
      "n_total": 9790,
      "n_scored": 9790,
      "coverage": 1.0,
      "positive_rate": 0.28631256384065373,
      "auprc": 0.8764276792485333,
      "auroc": 0.9416967783960029,
      "brier": 0.0949528896857085,
      "significance_tiers_included": [
        "likely_pathogenic",
        "likely_benign"
      ]
    },
    "any_P_vs_any_B": {
      "n_total": 29935,
      "n_scored": 29935,
      "coverage": 1.0,
      "positive_rate": 0.4996492400200434,
      "auprc": 0.9302546695727475,
      "auroc": 0.9386531303833887,
      "brier": 0.10637292198013941,
      "significance_tiers_included": [
        "pathogenic",
        "likely_pathogenic",
        "benign",
        "likely_benign"
      ]
    }
  },
  "reference_baselines": {
    "traitgym_complex": {
      "note": "AUPRC by chromosome-weighted average (Benegas et al. 2025).",
      "CADD+GPN-MSA+Borzoi_LR_ensemble": {
        "auprc": 0.362
      },
      "Enformer_LR_probe": {
        "auprc": 0.303
      },
      "Borzoi_LR_probe": {
        "auprc": 0.297
      },
      "CADD_v1.7_LR": {
        "auprc": 0.284
      },
      "GPN-MSA_LR_probe": {
        "auprc": 0.269
      },
      "CADD_v1.7_zero_shot": {
        "auprc": 0.25
      },
      "Enformer_L2_zero_shot": {
        "auprc": 0.245
      },
      "phastCons-43p_Zoonomia": {
        "auprc": 0.237
      },
      "phyloP-241m_Zoonomia": {
        "auprc": 0.227
      },
      "GPN-MSA_absLLR_zero_shot": {
        "auprc": 0.224
      }
    },
    "traitgym_mendelian": {
      "note": "AUPRC by chromosome-weighted average (Benegas et al. 2025).",
      "CADD+GPN-MSA+Borzoi_LR_ensemble": {
        "auprc": 0.648
      },
      "GPN-MSA_LR_probe": {
        "auprc": 0.584
      },
      "CADD_v1.7_LR": {
        "auprc": 0.549
      },
      "Enformer_LR_probe": {
        "auprc": 0.501
      },
      "Borzoi_LR_probe": {
        "auprc": 0.487
      },
      "phyloP-241m_Zoonomia": {
        "auprc": 0.462
      }
    },
    "clinvar_missense": {
      "note": "Missense-only AUROC on ClinVar (various curated splits).",
      "AlphaMissense": {
        "auroc": 0.972
      },
      "Evo-2_covariance_probe": {
        "auroc": 0.971
      },
      "CADD_v1.7": {
        "auroc": 0.966
      },
      "GPN-MSA": {
        "auroc": 0.952
      },
      "REVEL": {
        "auroc": 0.93
      },
      "Evo-2_loss_based": {
        "auroc": 0.932
      },
      "CADD_v1.6": {
        "auroc": 0.911
      },
      "ESM-1v": {
        "auroc": 0.83
      },
      "NTv3": {
        "auroc": 0.586
      }
    },
    "clinvar_by_consequence_evo2": {
      "note": "Evo-2 covariance probe per-consequence AUROC (EVEE 2026).",
      "missense": 0.971,
      "synonymous": 0.961,
      "nonsense": 0.9,
      "splice": 0.924,
      "utr": 0.929,
      "intronic": 0.984,
      "other_noncoding": 0.969
    }
  }
}