{
  "cadd_only": {
    "auroc": 0.9162979581039383,
    "auprc": 0.9017132830805882,
    "brier": 0.11119186133146286
  },
  "cadd_consequence_af": {
    "auroc": 0.9805874611204918,
    "auprc": 0.9765876687207018,
    "brier": 0.05263729766011238
  },
  "full": {
    "auroc": 0.9938157934905135,
    "auprc": 0.9939686495978896,
    "brier": 0.026011131703853607
  },
  "full_slices": {
    "missense": {
      "n": 9892,
      "auroc": 0.9924044418886796
    },
    "synonymous": {
      "n": 2245,
      "auroc": 0.8607303370786517
    },
    "stop_gained": {
      "n": 1449,
      "auroc": 0.9763157894736842
    },
    "splice": {
      "n": 705,
      "auroc": 0.991685671700756
    },
    "intron": {
      "n": 1187,
      "auroc": 0.9640570503238666
    },
    "utr": {
      "n": 119,
      "auroc": 0.9926253687315635
    },
    "upstream": {
      "n": 839,
      "auroc": 0.9867728674203494
    },
    "downstream": {
      "n": 1010,
      "auroc": 0.9777562092118701
    },
    "noncoding_exon": {
      "n": 196,
      "auroc": 0.9960083304408192
    },
    "regulatory": {
      "n": 1286,
      "auroc": 0.9814517514789995
    },
    "initiator": {
      "n": 171,
      "auroc": 1.0
    }
  }
}