{
  "traitgym_complex": {
    "n_total": 11400,
    "n_scored": 11400,
    "coverage": 1.0,
    "positive_rate": 0.1,
    "auprc": 0.2592514654479854,
    "auroc": 0.6521152662357648,
    "brier": 0.08453618351844416
  },
  "traitgym_mendelian": {
    "n_total": 3353,
    "n_scored": 3353,
    "coverage": 1.0,
    "positive_rate": 0.10080524903071876,
    "auprc": 0.7117101623354523,
    "auroc": 0.8471783096352558,
    "brier": 0.053680653905165715
  },
  "clinvar": {
    "n_total": 29953,
    "n_scored": 29953,
    "coverage": 1.0,
    "positive_rate": 0.4999499215437519,
    "auprc": 0.9933091563548275,
    "auroc": 0.9926691858130935,
    "brier": 0.02896486741640032
  },
  "clinvar_by_consequence": {
    "3_prime_utr": {
      "n_total": 445,
      "n_scored": 445,
      "coverage": 1.0,
      "positive_rate": 0.0022471910112359553,
      "auprc": 0.022222222222222223,
      "auroc": 0.9009009009009009,
      "brier": 0.024531058995835853,
      "mc_class": "3_prime_utr"
    },
    "5_prime_utr": {
      "n_total": 170,
      "n_scored": 170,
      "coverage": 1.0,
      "positive_rate": 0.07058823529411765,
      "auprc": 0.4921745592798224,
      "auroc": 0.8143459915611814,
      "brier": 0.11846152413469614,
      "mc_class": "5_prime_utr"
    },
    "initiator_codon": {
      "n_total": 163,
      "n_scored": 163,
      "coverage": 1.0,
      "positive_rate": 0.9815950920245399,
      "auprc": 0.9974685937262995,
      "auroc": 0.8791666666666667,
      "brier": 0.11262809789154316,
      "mc_class": "initiator_codon"
    },
    "intronic": {
      "n_total": 4368,
      "n_scored": 4368,
      "coverage": 1.0,
      "positive_rate": 0.07142857142857142,
      "auprc": 0.7128130234052952,
      "auroc": 0.9209219959035048,
      "brier": 0.04307043841558894,
      "mc_class": "intronic"
    },
    "missense": {
      "n_total": 7861,
      "n_scored": 7861,
      "coverage": 1.0,
      "positive_rate": 0.7324767841241572,
      "auprc": 0.9860682429868504,
      "auroc": 0.9644726756149974,
      "brier": 0.06399252562938518,
      "mc_class": "missense"
    },
    "other": {
      "n_total": 133,
      "n_scored": 133,
      "coverage": 1.0,
      "positive_rate": 0.06766917293233082,
      "auprc": 0.5597579808106123,
      "auroc": 0.8548387096774194,
      "brier": 0.05668183242418649,
      "mc_class": "other"
    },
    "splice_acceptor": {
      "n_total": 1231,
      "n_scored": 1231,
      "coverage": 1.0,
      "positive_rate": 0.9943135662063363,
      "auprc": 0.9978836450649147,
      "auroc": 0.8383520074696545,
      "brier": 0.004832240576018078,
      "mc_class": "splice_acceptor"
    },
    "splice_donor": {
      "n_total": 1649,
      "n_scored": 1649,
      "coverage": 1.0,
      "positive_rate": 0.9981807155852032,
      "auprc": 0.9996338855348815,
      "auroc": 0.8444714459295262,
      "brier": 0.0036696062782166803,
      "mc_class": "splice_donor"
    },
    "stop_gained": {
      "n_total": 5762,
      "n_scored": 5762,
      "coverage": 1.0,
      "positive_rate": 0.9980909406456092,
      "auprc": 0.999368592306788,
      "auroc": 0.79480248494333,
      "brier": 0.004648461936800312,
      "mc_class": "stop_gained"
    },
    "synonymous": {
      "n_total": 8155,
      "n_scored": 8155,
      "coverage": 1.0,
      "positive_rate": 0.011036174126302882,
      "auprc": 0.6601286517299662,
      "auroc": 0.9624757181235793,
      "brier": 0.008818006795967146,
      "mc_class": "synonymous"
    }
  },
  "clinvar_by_review_status": {
    "2_star": {
      "n_total": 28058,
      "n_scored": 28058,
      "coverage": 1.0,
      "positive_rate": 0.4786870054886307,
      "auprc": 0.9929683676478689,
      "auroc": 0.9927510636939649,
      "brier": 0.028893271112909548,
      "review_status": "2_star"
    },
    "3_star_expert_panel": {
      "n_total": 1764,
      "n_scored": 1764,
      "coverage": 1.0,
      "positive_rate": 0.844671201814059,
      "auprc": 0.9973001048791362,
      "auroc": 0.9864424631362367,
      "brier": 0.03110571772303191,
      "review_status": "3_star_expert_panel"
    },
    "unknown": {
      "n_total": 124,
      "n_scored": 124,
      "coverage": 1.0,
      "positive_rate": 0.3790322580645161,
      "auprc": 0.9948784194528876,
      "auroc": 0.9964078474716772,
      "brier": 0.016156673481388245,
      "review_status": "unknown"
    }
  },
  "clinvar_by_significance_pair": {
    "strong_only_P_vs_B": {
      "n_total": 20145,
      "n_scored": 20145,
      "coverage": 1.0,
      "positive_rate": 0.6033258873169521,
      "auprc": 0.9949792867913366,
      "auroc": 0.992009008324261,
      "brier": 0.029696077355877596,
      "significance_tiers_included": [
        "pathogenic",
        "benign"
      ]
    },
    "hedged_only_LP_vs_LB": {
      "n_total": 9790,
      "n_scored": 9790,
      "coverage": 1.0,
      "positive_rate": 0.28631256384065373,
      "auprc": 0.9843937082884976,
      "auroc": 0.9927193159959011,
      "brier": 0.027503987582334233,
      "significance_tiers_included": [
        "likely_pathogenic",
        "likely_benign"
      ]
    },
    "any_P_vs_any_B": {
      "n_total": 29935,
      "n_scored": 29935,
      "coverage": 1.0,
      "positive_rate": 0.4996492400200434,
      "auprc": 0.9933008822973258,
      "auroc": 0.9926659053143783,
      "brier": 0.028979172098386713,
      "significance_tiers_included": [
        "pathogenic",
        "likely_pathogenic",
        "benign",
        "likely_benign"
      ]
    }
  },
  "reference_baselines": {
    "traitgym_complex": {
      "note": "AUPRC by chromosome-weighted average (Benegas et al. 2025).",
      "CADD+GPN-MSA+Borzoi_LR_ensemble": {
        "auprc": 0.362
      },
      "Enformer_LR_probe": {
        "auprc": 0.303
      },
      "Borzoi_LR_probe": {
        "auprc": 0.297
      },
      "CADD_v1.7_LR": {
        "auprc": 0.284
      },
      "GPN-MSA_LR_probe": {
        "auprc": 0.269
      },
      "CADD_v1.7_zero_shot": {
        "auprc": 0.25
      },
      "Enformer_L2_zero_shot": {
        "auprc": 0.245
      },
      "phastCons-43p_Zoonomia": {
        "auprc": 0.237
      },
      "phyloP-241m_Zoonomia": {
        "auprc": 0.227
      },
      "GPN-MSA_absLLR_zero_shot": {
        "auprc": 0.224
      }
    },
    "traitgym_mendelian": {
      "note": "AUPRC by chromosome-weighted average (Benegas et al. 2025).",
      "CADD+GPN-MSA+Borzoi_LR_ensemble": {
        "auprc": 0.648
      },
      "GPN-MSA_LR_probe": {
        "auprc": 0.584
      },
      "CADD_v1.7_LR": {
        "auprc": 0.549
      },
      "Enformer_LR_probe": {
        "auprc": 0.501
      },
      "Borzoi_LR_probe": {
        "auprc": 0.487
      },
      "phyloP-241m_Zoonomia": {
        "auprc": 0.462
      }
    },
    "clinvar_missense": {
      "note": "Missense-only AUROC on ClinVar (various curated splits).",
      "AlphaMissense": {
        "auroc": 0.972
      },
      "Evo-2_covariance_probe": {
        "auroc": 0.971
      },
      "CADD_v1.7": {
        "auroc": 0.966
      },
      "GPN-MSA": {
        "auroc": 0.952
      },
      "REVEL": {
        "auroc": 0.93
      },
      "Evo-2_loss_based": {
        "auroc": 0.932
      },
      "CADD_v1.6": {
        "auroc": 0.911
      },
      "ESM-1v": {
        "auroc": 0.83
      },
      "NTv3": {
        "auroc": 0.586
      }
    },
    "clinvar_by_consequence_evo2": {
      "note": "Evo-2 covariance probe per-consequence AUROC (EVEE 2026).",
      "missense": 0.971,
      "synonymous": 0.961,
      "nonsense": 0.9,
      "splice": 0.924,
      "utr": 0.929,
      "intronic": 0.984,
      "other_noncoding": 0.969
    }
  }
}