{
  "traitgym_complex": {
    "n_total": 11400,
    "n_scored": 11400,
    "coverage": 1.0,
    "positive_rate": 0.1,
    "auprc": 0.21663223814546448,
    "auroc": 0.6235080879586881,
    "brier": 0.09245183055251445
  },
  "traitgym_mendelian": {
    "n_total": 3353,
    "n_scored": 3353,
    "coverage": 1.0,
    "positive_rate": 0.10080524903071876,
    "auprc": 0.7064655525381467,
    "auroc": 0.9113912685095235,
    "brier": 0.05107790591701168
  },
  "clinvar": {
    "n_total": 4674,
    "n_scored": 4674,
    "coverage": 1.0,
    "positive_rate": 0.4937954642704322,
    "auprc": 0.9961405223121617,
    "auroc": 0.9963476481524075,
    "brier": 0.021330392160421673
  },
  "clinvar_by_consequence": {
    "intronic": {
      "n_total": 674,
      "n_scored": 674,
      "coverage": 1.0,
      "positive_rate": 0.07418397626112759,
      "auprc": 0.8863545896283045,
      "auroc": 0.9716826923076924,
      "brier": 0.02021407540552894,
      "mc_class": "intronic"
    },
    "missense": {
      "n_total": 1263,
      "n_scored": 1263,
      "coverage": 1.0,
      "positive_rate": 0.7395091053048297,
      "auprc": 0.988102680354709,
      "auroc": 0.9691102100323478,
      "brier": 0.05872742228071165,
      "mc_class": "missense"
    },
    "splice_acceptor": {
      "n_total": 188,
      "n_scored": 188,
      "coverage": 1.0,
      "positive_rate": 1.0,
      "auprc": null,
      "auroc": null,
      "brier": null,
      "mc_class": "splice_acceptor"
    },
    "splice_donor": {
      "n_total": 268,
      "n_scored": 268,
      "coverage": 1.0,
      "positive_rate": 1.0,
      "auprc": null,
      "auroc": null,
      "brier": null,
      "mc_class": "splice_donor"
    },
    "stop_gained": {
      "n_total": 823,
      "n_scored": 823,
      "coverage": 1.0,
      "positive_rate": 0.9975698663426489,
      "auprc": 0.9997923818046937,
      "auroc": 0.9247868453105967,
      "brier": 0.0038630925210271457,
      "mc_class": "stop_gained"
    },
    "synonymous": {
      "n_total": 1319,
      "n_scored": 1319,
      "coverage": 1.0,
      "positive_rate": 0.012130401819560273,
      "auprc": 0.9862253289473684,
      "auroc": 0.9998081350729088,
      "brier": 0.0014973193986565192,
      "mc_class": "synonymous"
    }
  },
  "clinvar_by_review_status": {
    "2_star": {
      "n_total": 4368,
      "n_scored": 4368,
      "coverage": 1.0,
      "positive_rate": 0.4684065934065934,
      "auprc": 0.9960726330036657,
      "auroc": 0.9965888989082288,
      "brier": 0.019862793576324724,
      "review_status": "2_star"
    },
    "3_star_expert_panel": {
      "n_total": 284,
      "n_scored": 284,
      "coverage": 1.0,
      "positive_rate": 0.8873239436619719,
      "auprc": 0.9964086307725863,
      "auroc": 0.9740823412698413,
      "brier": 0.045068441317499645,
      "review_status": "3_star_expert_panel"
    }
  },
  "clinvar_by_significance_pair": {
    "strong_only_P_vs_B": {
      "n_total": 3058,
      "n_scored": 3058,
      "coverage": 1.0,
      "positive_rate": 0.6144538914323087,
      "auprc": 0.9975843692257063,
      "auroc": 0.9962714543720358,
      "brier": 0.022268030711597633,
      "significance_tiers_included": [
        "pathogenic",
        "benign"
      ]
    },
    "hedged_only_LP_vs_LB": {
      "n_total": 1613,
      "n_scored": 1613,
      "coverage": 1.0,
      "positive_rate": 0.26410415375077495,
      "auprc": 0.9881509236734705,
      "auroc": 0.9955493986101387,
      "brier": 0.019580734973354656,
      "significance_tiers_included": [
        "likely_pathogenic",
        "likely_benign"
      ]
    },
    "any_P_vs_any_B": {
      "n_total": 4671,
      "n_scored": 4671,
      "coverage": 1.0,
      "positive_rate": 0.49347034896167846,
      "auprc": 0.9961344590058313,
      "auroc": 0.9963454616466464,
      "brier": 0.021340047833030742,
      "significance_tiers_included": [
        "pathogenic",
        "likely_pathogenic",
        "benign",
        "likely_benign"
      ]
    }
  },
  "reference_baselines": {
    "traitgym_complex": {
      "note": "AUPRC by chromosome-weighted average (Benegas et al. 2025).",
      "CADD+GPN-MSA+Borzoi_LR_ensemble": {
        "auprc": 0.362
      },
      "Enformer_LR_probe": {
        "auprc": 0.303
      },
      "Borzoi_LR_probe": {
        "auprc": 0.297
      },
      "CADD_v1.7_LR": {
        "auprc": 0.284
      },
      "GPN-MSA_LR_probe": {
        "auprc": 0.269
      },
      "CADD_v1.7_zero_shot": {
        "auprc": 0.25
      },
      "Enformer_L2_zero_shot": {
        "auprc": 0.245
      },
      "phastCons-43p_Zoonomia": {
        "auprc": 0.237
      },
      "phyloP-241m_Zoonomia": {
        "auprc": 0.227
      },
      "GPN-MSA_absLLR_zero_shot": {
        "auprc": 0.224
      }
    },
    "traitgym_mendelian": {
      "note": "AUPRC by chromosome-weighted average (Benegas et al. 2025).",
      "CADD+GPN-MSA+Borzoi_LR_ensemble": {
        "auprc": 0.648
      },
      "GPN-MSA_LR_probe": {
        "auprc": 0.584
      },
      "CADD_v1.7_LR": {
        "auprc": 0.549
      },
      "Enformer_LR_probe": {
        "auprc": 0.501
      },
      "Borzoi_LR_probe": {
        "auprc": 0.487
      },
      "phyloP-241m_Zoonomia": {
        "auprc": 0.462
      }
    },
    "clinvar_missense": {
      "note": "Missense-only AUROC on ClinVar (various curated splits).",
      "AlphaMissense": {
        "auroc": 0.972
      },
      "Evo-2_covariance_probe": {
        "auroc": 0.971
      },
      "CADD_v1.7": {
        "auroc": 0.966
      },
      "GPN-MSA": {
        "auroc": 0.952
      },
      "REVEL": {
        "auroc": 0.93
      },
      "Evo-2_loss_based": {
        "auroc": 0.932
      },
      "CADD_v1.6": {
        "auroc": 0.911
      },
      "ESM-1v": {
        "auroc": 0.83
      },
      "NTv3": {
        "auroc": 0.586
      }
    },
    "clinvar_by_consequence_evo2": {
      "note": "Evo-2 covariance probe per-consequence AUROC (EVEE 2026).",
      "missense": 0.971,
      "synonymous": 0.961,
      "nonsense": 0.9,
      "splice": 0.924,
      "utr": 0.929,
      "intronic": 0.984,
      "other_noncoding": 0.969
    }
  }
}