{
  "traitgym_complex": {
    "n_total": 11400,
    "n_scored": 11400,
    "coverage": 1.0,
    "positive_rate": 0.1,
    "auprc": 0.2733857101979894,
    "auroc": 0.6589685715262816,
    "brier": 0.0832961864942106
  },
  "traitgym_mendelian": {
    "n_total": 3353,
    "n_scored": 3353,
    "coverage": 1.0,
    "positive_rate": 0.10080524903071876,
    "auprc": 0.7196528553438192,
    "auroc": 0.905299930328633,
    "brier": 0.0563199450733752
  },
  "clinvar": {
    "n_total": 4674,
    "n_scored": 4674,
    "coverage": 1.0,
    "positive_rate": 0.4937954642704322,
    "auprc": 0.9970235892359796,
    "auroc": 0.9971418646012035,
    "brier": 0.03337361686713473
  },
  "clinvar_by_consequence": {
    "intronic": {
      "n_total": 674,
      "n_scored": 674,
      "coverage": 1.0,
      "positive_rate": 0.07418397626112759,
      "auprc": 0.9666475191885109,
      "auroc": 0.9969391025641026,
      "brier": 0.013689264738411774,
      "mc_class": "intronic"
    },
    "missense": {
      "n_total": 1263,
      "n_scored": 1263,
      "coverage": 1.0,
      "positive_rate": 0.7395091053048297,
      "auprc": 0.9908627077593695,
      "auroc": 0.9740941663466608,
      "brier": 0.10207566726217335,
      "mc_class": "missense"
    },
    "splice_acceptor": {
      "n_total": 188,
      "n_scored": 188,
      "coverage": 1.0,
      "positive_rate": 1.0,
      "auprc": null,
      "auroc": null,
      "brier": null,
      "mc_class": "splice_acceptor"
    },
    "splice_donor": {
      "n_total": 268,
      "n_scored": 268,
      "coverage": 1.0,
      "positive_rate": 1.0,
      "auprc": null,
      "auroc": null,
      "brier": null,
      "mc_class": "splice_donor"
    },
    "stop_gained": {
      "n_total": 823,
      "n_scored": 823,
      "coverage": 1.0,
      "positive_rate": 0.9975698663426489,
      "auprc": 0.999520427619985,
      "auroc": 0.8273447015834348,
      "brier": 0.006897803423077227,
      "mc_class": "stop_gained"
    },
    "synonymous": {
      "n_total": 1319,
      "n_scored": 1319,
      "coverage": 1.0,
      "positive_rate": 0.012130401819560273,
      "auprc": 0.9963235294117647,
      "auroc": 0.9999520337682272,
      "brier": 0.0023492229036941466,
      "mc_class": "synonymous"
    }
  },
  "clinvar_by_review_status": {
    "2_star": {
      "n_total": 4368,
      "n_scored": 4368,
      "coverage": 1.0,
      "positive_rate": 0.4684065934065934,
      "auprc": 0.996829336108922,
      "auroc": 0.9972152128941326,
      "brier": 0.030887005852972486,
      "review_status": "2_star"
    },
    "3_star_expert_panel": {
      "n_total": 284,
      "n_scored": 284,
      "coverage": 1.0,
      "positive_rate": 0.8873239436619719,
      "auprc": 0.9984722628137255,
      "auroc": 0.988219246031746,
      "brier": 0.06963805979297147,
      "review_status": "3_star_expert_panel"
    }
  },
  "clinvar_by_significance_pair": {
    "strong_only_P_vs_B": {
      "n_total": 3058,
      "n_scored": 3058,
      "coverage": 1.0,
      "positive_rate": 0.6144538914323087,
      "auprc": 0.9979159944644234,
      "auroc": 0.9967567069810022,
      "brier": 0.037177322662072555,
      "significance_tiers_included": [
        "pathogenic",
        "benign"
      ]
    },
    "hedged_only_LP_vs_LB": {
      "n_total": 1613,
      "n_scored": 1613,
      "coverage": 1.0,
      "positive_rate": 0.26410415375077495,
      "auprc": 0.9921360063146143,
      "auroc": 0.9973213332225874,
      "brier": 0.025861301225275787,
      "significance_tiers_included": [
        "likely_pathogenic",
        "likely_benign"
      ]
    },
    "any_P_vs_any_B": {
      "n_total": 4671,
      "n_scored": 4671,
      "coverage": 1.0,
      "positive_rate": 0.49347034896167846,
      "auprc": 0.9970256383889594,
      "auroc": 0.9971467627983563,
      "brier": 0.033269649235064806,
      "significance_tiers_included": [
        "pathogenic",
        "likely_pathogenic",
        "benign",
        "likely_benign"
      ]
    }
  },
  "reference_baselines": {
    "traitgym_complex": {
      "note": "AUPRC by chromosome-weighted average (Benegas et al. 2025).",
      "CADD+GPN-MSA+Borzoi_LR_ensemble": {
        "auprc": 0.362
      },
      "Enformer_LR_probe": {
        "auprc": 0.303
      },
      "Borzoi_LR_probe": {
        "auprc": 0.297
      },
      "CADD_v1.7_LR": {
        "auprc": 0.284
      },
      "GPN-MSA_LR_probe": {
        "auprc": 0.269
      },
      "CADD_v1.7_zero_shot": {
        "auprc": 0.25
      },
      "Enformer_L2_zero_shot": {
        "auprc": 0.245
      },
      "phastCons-43p_Zoonomia": {
        "auprc": 0.237
      },
      "phyloP-241m_Zoonomia": {
        "auprc": 0.227
      },
      "GPN-MSA_absLLR_zero_shot": {
        "auprc": 0.224
      }
    },
    "traitgym_mendelian": {
      "note": "AUPRC by chromosome-weighted average (Benegas et al. 2025).",
      "CADD+GPN-MSA+Borzoi_LR_ensemble": {
        "auprc": 0.648
      },
      "GPN-MSA_LR_probe": {
        "auprc": 0.584
      },
      "CADD_v1.7_LR": {
        "auprc": 0.549
      },
      "Enformer_LR_probe": {
        "auprc": 0.501
      },
      "Borzoi_LR_probe": {
        "auprc": 0.487
      },
      "phyloP-241m_Zoonomia": {
        "auprc": 0.462
      }
    },
    "clinvar_missense": {
      "note": "Missense-only AUROC on ClinVar (various curated splits).",
      "AlphaMissense": {
        "auroc": 0.972
      },
      "Evo-2_covariance_probe": {
        "auroc": 0.971
      },
      "CADD_v1.7": {
        "auroc": 0.966
      },
      "GPN-MSA": {
        "auroc": 0.952
      },
      "REVEL": {
        "auroc": 0.93
      },
      "Evo-2_loss_based": {
        "auroc": 0.932
      },
      "CADD_v1.6": {
        "auroc": 0.911
      },
      "ESM-1v": {
        "auroc": 0.83
      },
      "NTv3": {
        "auroc": 0.586
      }
    },
    "clinvar_by_consequence_evo2": {
      "note": "Evo-2 covariance probe per-consequence AUROC (EVEE 2026).",
      "missense": 0.971,
      "synonymous": 0.961,
      "nonsense": 0.9,
      "splice": 0.924,
      "utr": 0.929,
      "intronic": 0.984,
      "other_noncoding": 0.969
    }
  }
}