{
  "traitgym": {
    "n_total": 11400,
    "n_scored": 11400,
    "coverage": 1.0,
    "positive_rate": 0.1,
    "auprc": 0.23203851207729617,
    "auroc": 0.623332863103177,
    "brier": 0.10945837919811761
  },
  "clinvar": {
    "n_total": 29990,
    "n_scored": 29990,
    "coverage": 1.0,
    "positive_rate": 0.5001333777925975,
    "auprc": 0.9808396183142997,
    "auroc": 0.9812150285482086,
    "brier": 0.12324638380612567
  },
  "clinvar_by_consequence": {
    "3_prime_utr": {
      "n_total": 443,
      "n_scored": 443,
      "coverage": 1.0,
      "positive_rate": 0.011286681715575621,
      "auprc": 0.15865180764670583,
      "auroc": 0.9328767123287671,
      "brier": 0.09690292664600643,
      "mc_class": "3_prime_utr"
    },
    "5_prime_utr": {
      "n_total": 161,
      "n_scored": 161,
      "coverage": 1.0,
      "positive_rate": 0.09937888198757763,
      "auprc": 0.3952045490067802,
      "auroc": 0.7543103448275862,
      "brier": 0.1822636285000805,
      "mc_class": "5_prime_utr"
    },
    "initiator_codon": {
      "n_total": 166,
      "n_scored": 166,
      "coverage": 1.0,
      "positive_rate": 0.9819277108433735,
      "auprc": 0.996221343943416,
      "auroc": 0.8220858895705521,
      "brier": 0.10951055046787152,
      "mc_class": "initiator_codon"
    },
    "intronic": {
      "n_total": 4442,
      "n_scored": 4442,
      "coverage": 1.0,
      "positive_rate": 0.07541647906348492,
      "auprc": 0.6182148634882203,
      "auroc": 0.9185998422787451,
      "brier": 0.11571864585212245,
      "mc_class": "intronic"
    },
    "missense": {
      "n_total": 7755,
      "n_scored": 7755,
      "coverage": 1.0,
      "positive_rate": 0.7316569954867828,
      "auprc": 0.9464772602110039,
      "auroc": 0.8918738228973659,
      "brier": 0.1468774196298178,
      "mc_class": "missense"
    },
    "other": {
      "n_total": 164,
      "n_scored": 164,
      "coverage": 1.0,
      "positive_rate": 0.16463414634146342,
      "auprc": 0.8143831443537857,
      "auroc": 0.9502568261692349,
      "brier": 0.11363477410120586,
      "mc_class": "other"
    },
    "splice_acceptor": {
      "n_total": 1298,
      "n_scored": 1298,
      "coverage": 1.0,
      "positive_rate": 0.9969183359013868,
      "auprc": 0.9985614840163277,
      "auroc": 0.7134853168469861,
      "brier": 0.027980983361196567,
      "mc_class": "splice_acceptor"
    },
    "splice_donor": {
      "n_total": 1676,
      "n_scored": 1676,
      "coverage": 1.0,
      "positive_rate": 0.9994033412887828,
      "auprc": 1.0,
      "auroc": 1.0,
      "brier": 0.024258449066081135,
      "mc_class": "splice_donor"
    },
    "stop_gained": {
      "n_total": 5723,
      "n_scored": 5723,
      "coverage": 1.0,
      "positive_rate": 0.9975537305608946,
      "auprc": 0.9995612639600615,
      "auroc": 0.8603583314565973,
      "brier": 0.03594739540450923,
      "mc_class": "stop_gained"
    },
    "synonymous": {
      "n_total": 8149,
      "n_scored": 8149,
      "coverage": 1.0,
      "positive_rate": 0.01092158547060989,
      "auprc": 0.12425552430153594,
      "auroc": 0.9,
      "brier": 0.202420175482566,
      "mc_class": "synonymous"
    }
  },
  "clinvar_by_review_status": {
    "2_star": {
      "n_total": 28201,
      "n_scored": 28201,
      "coverage": 1.0,
      "positive_rate": 0.47845821070174815,
      "auprc": 0.9808663456936024,
      "auroc": 0.9824346439891948,
      "brier": 0.12546491726249578,
      "review_status": "2_star"
    },
    "3_star_expert_panel": {
      "n_total": 1785,
      "n_scored": 1785,
      "coverage": 1.0,
      "positive_rate": 0.8414565826330532,
      "auprc": 0.9865151743172614,
      "auroc": 0.9460389680661356,
      "brier": 0.08820340390567898,
      "review_status": "3_star_expert_panel"
    }
  },
  "clinvar_by_significance_pair": {
    "strong_only_P_vs_B": {
      "n_total": 20028,
      "n_scored": 20028,
      "coverage": 1.0,
      "positive_rate": 0.6025564210105852,
      "auprc": 0.9847041843443428,
      "auroc": 0.9782635261574695,
      "brier": 0.105065381006821,
      "significance_tiers_included": [
        "pathogenic",
        "benign"
      ]
    },
    "hedged_only_LP_vs_LB": {
      "n_total": 9962,
      "n_scored": 9962,
      "coverage": 1.0,
      "positive_rate": 0.2942180285083317,
      "auprc": 0.9646395762997866,
      "auroc": 0.9835438039881964,
      "brier": 0.1597981930878436,
      "significance_tiers_included": [
        "likely_pathogenic",
        "likely_benign"
      ]
    },
    "any_P_vs_any_B": {
      "n_total": 29990,
      "n_scored": 29990,
      "coverage": 1.0,
      "positive_rate": 0.5001333777925975,
      "auprc": 0.9808396183142997,
      "auroc": 0.9812150285482086,
      "brier": 0.12324638380612567,
      "significance_tiers_included": [
        "pathogenic",
        "likely_pathogenic",
        "benign",
        "likely_benign"
      ]
    }
  },
  "generalization_gap": {
    "delta_auprc_traitgym_minus_clinvar": -0.7488011062370035,
    "note": "Raw AUPRC gap is confounded by base-rate differences (TraitGym base rate ~10%, ClinVar subsample ~50%). Compare each partition's AUPRC to its own base rate for a fair transfer read."
  },
  "reference_baselines": {
    "traitgym": {
      "phyloP-241m_Zoonomia": {
        "auprc": 0.2352,
        "auroc": 0.6146
      },
      "phastCons-43p_Zoonomia_primate": {
        "auprc": 0.2245,
        "auroc": 0.6168
      },
      "GPN-MSA_absLLR": {
        "auprc": 0.2081,
        "auroc": 0.6068
      }
    },
    "clinvar": {
      "note": "Reference AUPRCs on this exact ClinVar subsample are computed at build time and would live in hidden/build_stats.json. Field-standard predictors (AlphaMissense, REVEL, ClinPred) score >0.9 on ClinVar P/LP vs B/LB but are trained on ClinVar and are near-circular \u2014 treat them as an upper bound, not a bar."
    },
    "clinvar_by_consequence": {
      "note": "Per-molecular-consequence slices. Published ballparks on family/gene-holdout ClinVar splits: AlphaMissense on missense AUROC \u2248 0.95; REVEL missense AUROC \u2248 0.93; SpliceAI on splice_donor/splice_acceptor AUROC > 0.98; no widely-adopted method dominates intronic/UTR because regulatory effects are rare and hard to distinguish.",
      "missense": {
        "AlphaMissense_AUROC": 0.94,
        "REVEL_AUROC": 0.93,
        "ESM1v_AUROC": 0.83
      },
      "splice_donor": {
        "SpliceAI_AUROC": 0.98
      },
      "splice_acceptor": {
        "SpliceAI_AUROC": 0.98
      },
      "stop_gained": {
        "trivial_note": "essentially binary \u2014 any LoF annotator \u2265 0.99"
      },
      "synonymous": {
        "note": "mostly benign; discrimination hinges on rare splice-altering synonymous \u2014 hard"
      },
      "intronic": {
        "note": "regulatory + cryptic splice; state-of-art AUROC \u2248 0.70-0.80"
      }
    }
  }
}