{
  "traitgym_complex": {
    "n_total": 11400,
    "n_scored": 11400,
    "coverage": 1.0,
    "positive_rate": 0.1,
    "auprc": 0.3476499242726212,
    "auroc": 0.7242867890975001,
    "brier": 0.07804822482625515
  },
  "traitgym_mendelian": {
    "n_total": 3353,
    "n_scored": 3353,
    "coverage": 1.0,
    "positive_rate": 0.10080524903071876,
    "auprc": 0.7290564855894187,
    "auroc": 0.8862678716869303,
    "brier": 0.045542482518363896
  },
  "clinvar": {
    "n_total": 4674,
    "n_scored": 4674,
    "coverage": 1.0,
    "positive_rate": 0.4937954642704322,
    "auprc": 0.9799769324660854,
    "auroc": 0.9822329550199169,
    "brier": 0.04283903127060017
  },
  "clinvar_by_consequence": {
    "intronic": {
      "n_total": 674,
      "n_scored": 674,
      "coverage": 1.0,
      "positive_rate": 0.07418397626112759,
      "auprc": 0.7623442077449923,
      "auroc": 0.9259294871794872,
      "brier": 0.07525517192717555,
      "mc_class": "intronic"
    },
    "missense": {
      "n_total": 1263,
      "n_scored": 1263,
      "coverage": 1.0,
      "positive_rate": 0.7395091053048297,
      "auprc": 0.9870922920198136,
      "auroc": 0.9641653052856296,
      "brier": 0.06945586378979875,
      "mc_class": "missense"
    },
    "splice_acceptor": {
      "n_total": 188,
      "n_scored": 188,
      "coverage": 1.0,
      "positive_rate": 1.0,
      "auprc": null,
      "auroc": null,
      "brier": null,
      "mc_class": "splice_acceptor"
    },
    "splice_donor": {
      "n_total": 268,
      "n_scored": 268,
      "coverage": 1.0,
      "positive_rate": 1.0,
      "auprc": null,
      "auroc": null,
      "brier": null,
      "mc_class": "splice_donor"
    },
    "stop_gained": {
      "n_total": 823,
      "n_scored": 823,
      "coverage": 1.0,
      "positive_rate": 0.9975698663426489,
      "auprc": 0.9997751130719071,
      "auroc": 0.915347137637028,
      "brier": 0.03944650203265895,
      "mc_class": "stop_gained"
    },
    "synonymous": {
      "n_total": 1319,
      "n_scored": 1319,
      "coverage": 1.0,
      "positive_rate": 0.012130401819560273,
      "auprc": 0.9711061507936508,
      "auroc": 0.9996642363775902,
      "brier": 0.012467623627359838,
      "mc_class": "synonymous"
    }
  },
  "clinvar_by_review_status": {
    "2_star": {
      "n_total": 4368,
      "n_scored": 4368,
      "coverage": 1.0,
      "positive_rate": 0.4684065934065934,
      "auprc": 0.9782365737410096,
      "auroc": 0.9827077981616616,
      "brier": 0.04174662198893497,
      "review_status": "2_star"
    },
    "3_star_expert_panel": {
      "n_total": 284,
      "n_scored": 284,
      "coverage": 1.0,
      "positive_rate": 0.8873239436619719,
      "auprc": 0.9924696259270529,
      "auroc": 0.9456845238095238,
      "brier": 0.06182879781725323,
      "review_status": "3_star_expert_panel"
    }
  },
  "clinvar_by_significance_pair": {
    "strong_only_P_vs_B": {
      "n_total": 3058,
      "n_scored": 3058,
      "coverage": 1.0,
      "positive_rate": 0.6144538914323087,
      "auprc": 0.9877029699140976,
      "auroc": 0.9821345788300763,
      "brier": 0.04481440371829312,
      "significance_tiers_included": [
        "pathogenic",
        "benign"
      ]
    },
    "hedged_only_LP_vs_LB": {
      "n_total": 1613,
      "n_scored": 1613,
      "coverage": 1.0,
      "positive_rate": 0.26410415375077495,
      "auprc": 0.958315494374869,
      "auroc": 0.9852688159284264,
      "brier": 0.039158985717261285,
      "significance_tiers_included": [
        "likely_pathogenic",
        "likely_benign"
      ]
    },
    "any_P_vs_any_B": {
      "n_total": 4671,
      "n_scored": 4671,
      "coverage": 1.0,
      "positive_rate": 0.49347034896167846,
      "auprc": 0.9799271107265253,
      "auroc": 0.9822144149859818,
      "brier": 0.04286146232765634,
      "significance_tiers_included": [
        "pathogenic",
        "likely_pathogenic",
        "benign",
        "likely_benign"
      ]
    }
  },
  "reference_baselines": {
    "traitgym_complex": {
      "note": "AUPRC by chromosome-weighted average (Benegas et al. 2025).",
      "CADD+GPN-MSA+Borzoi_LR_ensemble": {
        "auprc": 0.362
      },
      "Enformer_LR_probe": {
        "auprc": 0.303
      },
      "Borzoi_LR_probe": {
        "auprc": 0.297
      },
      "CADD_v1.7_LR": {
        "auprc": 0.284
      },
      "GPN-MSA_LR_probe": {
        "auprc": 0.269
      },
      "CADD_v1.7_zero_shot": {
        "auprc": 0.25
      },
      "Enformer_L2_zero_shot": {
        "auprc": 0.245
      },
      "phastCons-43p_Zoonomia": {
        "auprc": 0.237
      },
      "phyloP-241m_Zoonomia": {
        "auprc": 0.227
      },
      "GPN-MSA_absLLR_zero_shot": {
        "auprc": 0.224
      }
    },
    "traitgym_mendelian": {
      "note": "AUPRC by chromosome-weighted average (Benegas et al. 2025).",
      "CADD+GPN-MSA+Borzoi_LR_ensemble": {
        "auprc": 0.648
      },
      "GPN-MSA_LR_probe": {
        "auprc": 0.584
      },
      "CADD_v1.7_LR": {
        "auprc": 0.549
      },
      "Enformer_LR_probe": {
        "auprc": 0.501
      },
      "Borzoi_LR_probe": {
        "auprc": 0.487
      },
      "phyloP-241m_Zoonomia": {
        "auprc": 0.462
      }
    },
    "clinvar_missense": {
      "note": "Missense-only AUROC on ClinVar (various curated splits).",
      "AlphaMissense": {
        "auroc": 0.972
      },
      "Evo-2_covariance_probe": {
        "auroc": 0.971
      },
      "CADD_v1.7": {
        "auroc": 0.966
      },
      "GPN-MSA": {
        "auroc": 0.952
      },
      "REVEL": {
        "auroc": 0.93
      },
      "Evo-2_loss_based": {
        "auroc": 0.932
      },
      "CADD_v1.6": {
        "auroc": 0.911
      },
      "ESM-1v": {
        "auroc": 0.83
      },
      "NTv3": {
        "auroc": 0.586
      }
    },
    "clinvar_by_consequence_evo2": {
      "note": "Evo-2 covariance probe per-consequence AUROC (EVEE 2026).",
      "missense": 0.971,
      "synonymous": 0.961,
      "nonsense": 0.9,
      "splice": 0.924,
      "utr": 0.929,
      "intronic": 0.984,
      "other_noncoding": 0.969
    }
  }
}