{
  "traitgym_complex": {
    "n_total": 11400,
    "n_scored": 11400,
    "coverage": 1.0,
    "positive_rate": 0.1,
    "auprc": 0.34145647163585896,
    "auroc": 0.7167937143052564,
    "brier": 0.07842428272270048
  },
  "traitgym_mendelian": {
    "n_total": 3353,
    "n_scored": 3353,
    "coverage": 1.0,
    "positive_rate": 0.10080524903071876,
    "auprc": 0.6728091519962283,
    "auroc": 0.9244134357796815,
    "brier": 0.05275289589581445
  },
  "clinvar": {
    "n_total": 29953,
    "n_scored": 29953,
    "coverage": 1.0,
    "positive_rate": 0.4999499215437519,
    "auprc": 0.9981709778812448,
    "auroc": 0.9982131723076985,
    "brier": 0.015553150758619025
  },
  "clinvar_by_consequence": {
    "3_prime_utr": {
      "n_total": 445,
      "n_scored": 445,
      "coverage": 1.0,
      "positive_rate": 0.0022471910112359553,
      "auprc": 0.16666666666666666,
      "auroc": 0.9943693693693695,
      "brier": 0.001934980107506408,
      "mc_class": "3_prime_utr"
    },
    "5_prime_utr": {
      "n_total": 170,
      "n_scored": 170,
      "coverage": 1.0,
      "positive_rate": 0.07058823529411765,
      "auprc": 0.8706682206682208,
      "auroc": 0.989451476793249,
      "brier": 0.04656734651921377,
      "mc_class": "5_prime_utr"
    },
    "initiator_codon": {
      "n_total": 163,
      "n_scored": 163,
      "coverage": 1.0,
      "positive_rate": 0.9815950920245399,
      "auprc": 0.9999999999999999,
      "auroc": 1.0,
      "brier": 0.00669325037991663,
      "mc_class": "initiator_codon"
    },
    "intronic": {
      "n_total": 4368,
      "n_scored": 4368,
      "coverage": 1.0,
      "positive_rate": 0.07142857142857142,
      "auprc": 0.4822826447466666,
      "auroc": 0.942707148004855,
      "brier": 0.05435861244814663,
      "mc_class": "intronic"
    },
    "missense": {
      "n_total": 7861,
      "n_scored": 7861,
      "coverage": 1.0,
      "positive_rate": 0.7324767841241572,
      "auprc": 0.9990167076389902,
      "auroc": 0.9981486610784607,
      "brier": 0.016795305968385948,
      "mc_class": "missense"
    },
    "other": {
      "n_total": 133,
      "n_scored": 133,
      "coverage": 1.0,
      "positive_rate": 0.06766917293233082,
      "auprc": 0.6008685930512556,
      "auroc": 0.9578853046594983,
      "brier": 0.040688898716036405,
      "mc_class": "other"
    },
    "splice_acceptor": {
      "n_total": 1231,
      "n_scored": 1231,
      "coverage": 1.0,
      "positive_rate": 0.9943135662063363,
      "auprc": 0.9999832501802435,
      "auroc": 0.9970821661998133,
      "brier": 0.003617147438097141,
      "mc_class": "splice_acceptor"
    },
    "splice_donor": {
      "n_total": 1649,
      "n_scored": 1649,
      "coverage": 1.0,
      "positive_rate": 0.9981807155852032,
      "auprc": 0.9999963114917343,
      "auroc": 0.9979748886188741,
      "brier": 0.003471213602405156,
      "mc_class": "splice_donor"
    },
    "stop_gained": {
      "n_total": 5762,
      "n_scored": 5762,
      "coverage": 1.0,
      "positive_rate": 0.9980909406456092,
      "auprc": 0.9999853708578039,
      "auroc": 0.9924756168887624,
      "brier": 0.0014166428921959047,
      "mc_class": "stop_gained"
    },
    "synonymous": {
      "n_total": 8155,
      "n_scored": 8155,
      "coverage": 1.0,
      "positive_rate": 0.011036174126302882,
      "auprc": 0.5139810432110099,
      "auroc": 0.8930329957980299,
      "brier": 0.007293501626439174,
      "mc_class": "synonymous"
    }
  },
  "clinvar_by_review_status": {
    "2_star": {
      "n_total": 28058,
      "n_scored": 28058,
      "coverage": 1.0,
      "positive_rate": 0.4786870054886307,
      "auprc": 0.998396182167606,
      "auroc": 0.9984069907996395,
      "brier": 0.014229989779636723,
      "review_status": "2_star"
    },
    "3_star_expert_panel": {
      "n_total": 1764,
      "n_scored": 1764,
      "coverage": 1.0,
      "positive_rate": 0.844671201814059,
      "auprc": 0.9969090267532195,
      "auroc": 0.9898434820947436,
      "brier": 0.034005369744340194,
      "review_status": "3_star_expert_panel"
    },
    "unknown": {
      "n_total": 124,
      "n_scored": 124,
      "coverage": 1.0,
      "positive_rate": 0.3790322580645161,
      "auprc": 0.9987234042553191,
      "auroc": 0.9991710417242332,
      "brier": 0.046595441518437565,
      "review_status": "unknown"
    }
  },
  "clinvar_by_significance_pair": {
    "strong_only_P_vs_B": {
      "n_total": 20145,
      "n_scored": 20145,
      "coverage": 1.0,
      "positive_rate": 0.6033258873169521,
      "auprc": 0.9991413243960849,
      "auroc": 0.9989401695881045,
      "brier": 0.01720968822556683,
      "significance_tiers_included": [
        "pathogenic",
        "benign"
      ]
    },
    "hedged_only_LP_vs_LB": {
      "n_total": 9790,
      "n_scored": 9790,
      "coverage": 1.0,
      "positive_rate": 0.28631256384065373,
      "auprc": 0.9942657842914123,
      "auroc": 0.9972196211086886,
      "brier": 0.011904273817444013,
      "significance_tiers_included": [
        "likely_pathogenic",
        "likely_benign"
      ]
    },
    "any_P_vs_any_B": {
      "n_total": 29935,
      "n_scored": 29935,
      "coverage": 1.0,
      "positive_rate": 0.4996492400200434,
      "auprc": 0.9981703309387356,
      "auroc": 0.9982135997765188,
      "brier": 0.015474595289020236,
      "significance_tiers_included": [
        "pathogenic",
        "likely_pathogenic",
        "benign",
        "likely_benign"
      ]
    }
  },
  "reference_baselines": {
    "traitgym_complex": {
      "note": "AUPRC by chromosome-weighted average (Benegas et al. 2025).",
      "CADD+GPN-MSA+Borzoi_LR_ensemble": {
        "auprc": 0.362
      },
      "Enformer_LR_probe": {
        "auprc": 0.303
      },
      "Borzoi_LR_probe": {
        "auprc": 0.297
      },
      "CADD_v1.7_LR": {
        "auprc": 0.284
      },
      "GPN-MSA_LR_probe": {
        "auprc": 0.269
      },
      "CADD_v1.7_zero_shot": {
        "auprc": 0.25
      },
      "Enformer_L2_zero_shot": {
        "auprc": 0.245
      },
      "phastCons-43p_Zoonomia": {
        "auprc": 0.237
      },
      "phyloP-241m_Zoonomia": {
        "auprc": 0.227
      },
      "GPN-MSA_absLLR_zero_shot": {
        "auprc": 0.224
      }
    },
    "traitgym_mendelian": {
      "note": "AUPRC by chromosome-weighted average (Benegas et al. 2025).",
      "CADD+GPN-MSA+Borzoi_LR_ensemble": {
        "auprc": 0.648
      },
      "GPN-MSA_LR_probe": {
        "auprc": 0.584
      },
      "CADD_v1.7_LR": {
        "auprc": 0.549
      },
      "Enformer_LR_probe": {
        "auprc": 0.501
      },
      "Borzoi_LR_probe": {
        "auprc": 0.487
      },
      "phyloP-241m_Zoonomia": {
        "auprc": 0.462
      }
    },
    "clinvar_missense": {
      "note": "Missense-only AUROC on ClinVar (various curated splits).",
      "AlphaMissense": {
        "auroc": 0.972
      },
      "Evo-2_covariance_probe": {
        "auroc": 0.971
      },
      "CADD_v1.7": {
        "auroc": 0.966
      },
      "GPN-MSA": {
        "auroc": 0.952
      },
      "REVEL": {
        "auroc": 0.93
      },
      "Evo-2_loss_based": {
        "auroc": 0.932
      },
      "CADD_v1.6": {
        "auroc": 0.911
      },
      "ESM-1v": {
        "auroc": 0.83
      },
      "NTv3": {
        "auroc": 0.586
      }
    },
    "clinvar_by_consequence_evo2": {
      "note": "Evo-2 covariance probe per-consequence AUROC (EVEE 2026).",
      "missense": 0.971,
      "synonymous": 0.961,
      "nonsense": 0.9,
      "splice": 0.924,
      "utr": 0.929,
      "intronic": 0.984,
      "other_noncoding": 0.969
    }
  }
}